CREATE TABLE employee (
  emp_id INT PRIMARY KEY,
  first_name VARCHAR(40),
  last_name VARCHAR(40),
  birth_day DATE,
  sex VARCHAR(1),
  salary INT,
  super_id INT,
  branch_id INT
);

CREATE TABLE branch (
  branch_id INT PRIMARY KEY,
  branch_name VARCHAR(40),
  mgr_id INT,
  mgr_start_date DATE,
  FOREIGN KEY(mgr_id) REFERENCES employee(emp_id) ON DELETE SET NULL
);

ALTER TABLE employee
ADD FOREIGN KEY(branch_id)
REFERENCES branch(branch_id)
ON DELETE SET NULL;

ALTER TABLE employee
ADD FOREIGN KEY(super_id)
REFERENCES employee(emp_id)
ON DELETE SET NULL;

CREATE TABLE client (
  client_id INT PRIMARY KEY,
  client_name VARCHAR(40),
  branch_id INT,
  FOREIGN KEY(branch_id) REFERENCES branch(branch_id) ON DELETE SET NULL
);

CREATE TABLE works_with (
  emp_id INT,
  client_id INT,
  total_sales INT,
  PRIMARY KEY(emp_id, client_id),
  FOREIGN KEY(emp_id) REFERENCES employee(emp_id) ON DELETE CASCADE,
  FOREIGN KEY(client_id) REFERENCES client(client_id) ON DELETE CASCADE
);




CREATE TABLE branch_supplier (
  branch_id INT,
  supplier_name VARCHAR(40),
  supply_type VARCHAR(40),
  PRIMARY KEY(branch_id, supplier_name),
  FOREIGN KEY(branch_id) REFERENCES branch(branch_id) ON DELETE CASCADE
);

show tables

select * 
from employee

INSERT INTO employee VALUES(100, 'David', 'Wallace', '1967-11-17', 'M', 250000, NULL, NULL);

INSERT INTO branch VALUES(1, 'Corporate', 100, '2006-02-09');

UPDATE employee
SET branch_id = 1
WHERE emp_id = 100;

INSERT INTO employee VALUES(101, 'Jan', 'Levinson', '1961-05-11', 'F', 110000, 100, 1);

INSERT INTO employee VALUES(102, 'Michael', 'Scott', '1964-03-15', 'M', 75000, 100, NULL);

INSERT INTO branch VALUES(2, 'Scranton', 102, '1992-04-06');

UPDATE employee
SET branch_id = 2
WHERE emp_id = 102;

INSERT INTO employee VALUES(103, 'Angela', 'Martin', '1971-06-25', 'F', 63000, 102, 2);
INSERT INTO employee VALUES(104, 'Kelly', 'Kapoor', '1980-02-05', 'F', 55000, 102, 2);
INSERT INTO employee VALUES(105, 'Stanley', 'Hudson', '1958-02-19', 'M', 69000, 102, 2);

INSERT INTO employee VALUES(106, 'Josh', 'Porter', '1969-09-05', 'M', 78000, 100, NULL);

INSERT INTO branch VALUES(3, 'Stamford', 106, '1998-02-13');

UPDATE employee
SET branch_id = 3
WHERE emp_id = 106;

INSERT INTO employee VALUES(107, 'Andy', 'Bernard', '1973-07-22', 'M', 65000, 106, 3);
INSERT INTO employee VALUES(108, 'Jim', 'Halpert', '1978-10-01', 'M', 71000, 106, 3);

INSERT INTO branch_supplier VALUES(2, 'Hammer Mill', 'Paper');
INSERT INTO branch_supplier VALUES(2, 'Uni-ball', 'Writing Utensils');
INSERT INTO branch_supplier VALUES(3, 'Patriot Paper', 'Paper');
INSERT INTO branch_supplier VALUES(2, 'J.T. Forms & Labels', 'Custom Forms');
INSERT INTO branch_supplier VALUES(3, 'Uni-ball', 'Writing Utensils');
INSERT INTO branch_supplier VALUES(3, 'Hammer Mill', 'Paper');
INSERT INTO branch_supplier VALUES(3, 'Stamford Lables', 'Custom Forms');

INSERT INTO client VALUES(400, 'Dunmore Highschool', 2);
INSERT INTO client VALUES(401, 'Lackawana Country', 2);
INSERT INTO client VALUES(402, 'FedEx', 3);
INSERT INTO client VALUES(403, 'John Daly Law, LLC', 3);
INSERT INTO client VALUES(404, 'Scranton Whitepages', 2);
INSERT INTO client VALUES(405, 'Times Newspaper', 3);
INSERT INTO client VALUES(406, 'FedEx', 2);

INSERT INTO works_with VALUES(105, 400, 55000);
INSERT INTO works_with VALUES(102, 401, 267000);
INSERT INTO works_with VALUES(108, 402, 22500);
INSERT INTO works_with VALUES(107, 403, 5000);
INSERT INTO works_with VALUES(108, 403, 12000);
INSERT INTO works_with VALUES(105, 404, 33000);
INSERT INTO works_with VALUES(107, 405, 26000);
INSERT INTO works_with VALUES(102, 406, 15000);
INSERT INTO works_with VALUES(105, 406, 130000);

show tables

select * from employee

select * from branch

select*
from employee
Order By salary asc

select sex,first_name,last_name
from employee
Order By sex,first_name,last_name

select* from employee
limit 5

select emp_id,salary from employee
Order By salary
limit 5

select first_name as fore_name,last_name 
from employee

select count(distinct sex)
from employee

select min(emp_id)
from employee

select count(first_name)
from employee
where sex="F" and birth_day>"1970-06-24"

select first_name,birth_day
from employee
where sex="F"
Order By birth_day

select count(sex),sex
from employee
group by sex

select*
from employee

show tables

select client_id, sum(total_sales)
from works_with
group by client_id
order by sum(total_sales)

select*
from works_with

create table Person(personId int primary key,lastName varchar(26),firstName varchar(40))

INSERT into Person
VALUES( 2,"Alice","Bob")

select*from Person

create table Address( addressId int primary key,personId int,city varchar(20),state varchar(30))

INSERT into Address
VALUES(2,3,"Leetcode","California")

select*from Person



select*from Address

show tables

select*
from works_with

select emp_id,sum(total_sales)
from works_with
group by emp_id

select*
from client

select*FROM 
 client

select*FROM 
Branch

select*
from Branch
where mgr_id=102;

select client_name
from client
where client.branch_id IN(
select Branch.branch_id
from Branch
where mgr_id=102
)



